PDBID,Receptor,Sequence,TM1 start,TM1 end,BW1.50,TM2 start,TM2 end,BW2.50,TM3 start,TM3 end,BW3.50,TM4 start,TM4 end,BW4.50,TM5 start,TM5 end,BW5.50,TM6 start,TM6 end,BW6.50,TM7 start,TM7 end,BW7.50,TM1_score,TM2_score,TM3_score,TM4_score,TM5_score,TM6_score,TM7_score,tm_score_aggregate,tm_score_normalized,resolution,resolution_score,similarity_score,similarity_score_normalized,normalized_score
5IU4,AA2AR,MPIMGSSVYITVELAIAVLAILGNVLVCWAVWLNSNLQNVTNYFVVSLAAADIAVGVLAIPFAITISTGFCAACHGCLFIACFVLVLTQSSIFSLLAIAIDRYIAIRIPLRYNGLVTGTRAKGIIAICWVLSFAIGLTPMLGWNNCGQPKEGKNHSQGCGEGQVACLFEDVVPMNYMVYFNFFACVLVPLLLMLGVYLRIFLAARRQLKQMESQPLPGERARSTLQKEVHAAKSLAIIVGLFALCWLPLHIINCFTFFCPDCSHAPLWLMYLAIVLSHTNSVVNPFIYAYRIREFRQTFRKIIRSHVLRQQEPFKAAGTSARVLAAHGSDGEQVSLRLNGHPPGVWANGSAPHPERRPNGYALGLVSGGSAQESQGNTGLPDVELLSHELKGVCPEPPGLDDPLAQDGAGVS,4,33,N24,40,68,D52,74,107,R102,118,142,W129,173,206,P189,226,258,P248,265,291,P285,-1,2,2,2,2,-1,2,8,0.75,1.7,1,-2,0.5833333333333334,2.3333333333333335
4N6H,OPRD,MEPAPSAGAELQPPLFANASDAYPSACPSAGANASGPPGARSASSLALAIAITALYSAVCAVGLLGNVLVMFGIVRYTKMKTATNIYIFNLALADALATSTLPFQSAKYLMETWPFGELLCKAVLSIDYYNMFTSIFTLTMMSVDRYIAVCHPVKALDFRTPAKAKLINICIWVLASGVGVPIMVMAVTRPRDGAVVCMLQFPSPSWYWDTVTKICVFLFAFVVPILIITVCYGLMLLRLRSVRLLSGSKEKDRSLRRITRMVLVVVGAFVVCWAPIHIFVIVWTLVDIDRRDPLVVAALHLCIALGYANSSLNPVLYAFLDENFKRCFRQLCRKPCGRPDPSSFSRAREATARERVTACTPSDGPGGGAAA,47,76,N67,83,111,D95,118,151,R146,162,186,W173,209,242,P225,254,286,P276,295,321,P315,-1,2,2,-1,2,-1,-1,2,0.25,1.8,1,-13,0.125,1.375
5WIU,DRD4,MGNRSTADADGLLAGRGPAAGASAGASAGLAGQGAAALVGGVLLIGAVLAGNSLVCVSVATERALQTPTNSFIVSLAAADLLLALLVLPLFVYSEVQGGAWLLSPRLCDALMAMDVMLCTASIFNLCAISVDRFVAVAVPLRYNRQGGSRRQLLLIGATWLLSAAVAAPVLCGLNDVRGRDPAVCRLEDRDYVVYSSVCSFFLPCPLMLLLYWATFRGLQRWEVARRAKLHGRAPRRPSGPGPPSPTPPAPRLPQDPCGPDCAPPAPGLPRGPCGPDCAPAAPSLPQDPCGPDCAPPAPGLPPDPCGSNCAPPDAVRAAALPPQTPPQTRRRRRAKITGRERKAMRVLPVVVGAFLLCWTPFFVVHITQALCPACSVPPRLVSAVTWLGYVNSALNPVIYTVFNAEFRNVFRKALRACC,32,61,N52,68,96,D80,105,138,R133,149,173,W160,188,221,P204,339,371,P361,377,403,P397,2,2,2,-1,-1,-1,2,5,0.5,2.0,1,-4,0.5,2.0
5WQC,OX2R,MSGTKLEDSPPCRNWSSASELNETQEPFLNPTDYDDEEFLRYLWREYLHPKEYEWVLIAGYIIVFVVALIGNVLVCVAVWKNHHMRTVTNYFIVNLSLADVLVTITCLPATLVVDITETWFFGQSLCKVIPYLQTVSVSVSVLTLSCIALDRWYAICHPLMFKSTAKRARNSIVIIWIVSCIIMIPQAIVMECSTVFPGLANKTTLFTVCDERWGGEIYPKMYHICFFLVTYMAPLCLMVLAYLQIFRKLWCRQIPGTSSVVQRKWKPLQPVSQPRGPGQPTKSRMSAVAAEIKQIRARRKTARMLMIVLLVFAICYLPISILNVLKRVFGMFAHTEDRETVYAWFTFSHWLVYANSAANPIIYNFLSGKFREEFKAAFSCCCLGVHHRQEDRLTRGRTSTESRKSLTTQISNFDNISKLSEQVVLTSISTLPAANGAGPLQNW,52,81,N72,88,116,D100,124,157,R152,166,190,W177,219,252,P235,297,329,P319,341,367,P361,2,2,2,-1,2,-1,2,8,0.75,2.0,1,-4,0.5,2.25
4BVN,ADRB1,MGDGWLPPDCGPHNRSGGGGATAAPTGSRQVSAELLSQQWEAGMSLLMALVVLLIVAGNVLVIAAIGRTQRLQTLTNLFITSLACADLVMGLLVVPFGATLVVRGTWLWGSFLCECWTSLDVLCVTASIETLCVIAIDRYLAITSPFRYQSLMTRARAKVIICTVWAISALVSFLPIMMHWWRDEDPQALKCYQDPGCCDFVTNRAYAIASSIISFYIPLLIMIFVYLRVYREAKEQIRKIDRCEGRFYGSQEQPQPPPLPQHQPILGNGRASKRKTSRVMAMREHKALKTLGIIMGVFTLCWLPFFLVNIVNVFNRDLVPDWLFVFFNWLGYANSAFNPIIYCRSPDFRKAFKRLLCFPRKADRRLHAGGQPAPLPGGFISTLGSPEHSPGGTWSDCNGGTRGGSESSLEERHSKTSRSESKMEREKNILATTRFYCTFLGNGDKAVFCTVLRIVKLFEDATCTCPHTHKLKMKWRFKQHQA,40,68,N59,75,104,D87,111,144,R139,155,179,W166,205,236,P219,285,315,P305,322,344,P340,2,2,2,-1,-1,-1,2,5,0.5,2.1,1,-14,0.08333333333333333,1.5833333333333335
6QZH,CCR7_HUMAN,MDLGKPMKSVLVVALLVIFQVCLCQDEVTDDYIGDNTTVDYTLFESLCSKKDVRNFKAWFLPIMYSIICFVGLLGNGLVVLTYIYFKRLKTMTDTYLLNLAVADILFLLTLPFWAYSAAKSWVFGVHFCKLIFAIYKMSFFSGMLLLLCISIDRYVAIVQAVSAHRHRARVLLISKLSCVGIWILATVLSIPELLYSDLQRSSSEQAMRCSLITEHVEAFITIQVAQMVIGFLVPLLAMSFCYLVIIRTLLQARNFERNKAIKVIIAVVVVFIVFQLPYNGVVLAQTVANFNITSSTCELSKQLNIAYDVTYSLACVRCCVNPFLYAFIGVKFRNDLFKLFKDLGCLSQEQLRQWSSCRHIRRSSMSVEAETTTTFSP,56,85,N76,92,120,D104,126,159,R154,172,196,W183,219,252,P235,256,288,P278,303,329,P323,2,2,2,2,2,-1,-1,8,0.75,2.1,1,-12,0.16666666666666666,1.9166666666666665
6TOS,OX1R,MEPSATPGAQMGVPPGSREPSPVPPDYEDEFLRYLWRDYLYPKQYEWVLIAAYVAVFVVALVGNTLVCLAVWRNHHMRTVTNYFIVNLSLADVLVTAICLPASLLVDITESWLFGHALCKVIPYLQAVSVSVAVLTLSFIALDRWYAICHPLLFKSTARRARGSILGIWAVSLAIMVPQAAVMECSSVLPELANRTRLFSVCDERWADDLYPKIYHSCFFIVTYLAPLGLMAMAYFQIFRKLWGRQIPGTTSALVRNWKRPSDQLGDLEQGLSGEPQPRARAFLAEVKQMRARRKTAKMLMVVLLVFALCYLPISVLNVLKRVFGMFRQASDREAVYACFTFSHWLVYANSAANPIIYNFLSGKFREQFKAAFSCCLPGLGPCGSLKAPSPRSSASHKSLSLQSRCSISKISEHVVLTSVTTVLP,44,73,N64,80,108,D92,116,149,R144,158,182,W169,211,244,P227,291,323,P313,335,361,P355,2,2,2,-1,2,-1,2,8,0.75,2.1,1,-4,0.5,2.25
6C1R,C5AR1,MDSFNYTTPDYGHYDDKDTLDLNTPVDKTSNTLRVPDILALVIFAVVFLVGVLGNALVVWVTAFEAKRTINAIWFLNLAVADFLSCLALPILFTSIVQHHHWPFGGAACSILPSLILLNMYASILLLATISADRFLLVFKPIWCQNFRGAGLAWIACAVAWGLALLLTIPSFLYRVVREEYFPPKVLCGVDYSHDKRRERAVAIVRLVLGFLWPLLTLTICYTFILLRTWSRRATRSTKTLKVVVAVVASFFIFWLPYQVTGIMMSFLEPSSPTFLLLKKLDSLCVSFAYINCCINPIIYVVAGQGFQGRLRKSLPSLLRNVLTEESVVRESKSFTRSTVDTMAQKTQAV,35,64,N55,70,98,D82,106,139,R134,150,174,W161,198,231,P214,235,267,P257,277,303,P297,2,2,2,2,-1,-1,-1,5,0.5,2.2,1,-13,0.125,1.625
5UIW,CCR5,MDYQVSSPIYDINYYTSEPCQKINVKQIAARLLPPLYSLVFIFGFVGNMLVILILINCKRLKSMTDIYLLNLAISDLFFLLTVPFWAHYAAAQWDFGNTMCQLLTGLYFIGFFSGIFFIILLTIDRYLAVVHAVFALKARTVTFGVVTSVITWVVAVFASLPGIIFTRSQKEGLHYTCSSHFPYSQYQFWKNFQTLKIVILGLVLPLLVMVICYSGILKTLLRCRNEKKRHRAVRLIFTIMIVYFLFWAPYNIVLLLNTFQEFFGLNNCSSSNRLDQAMQVTETLGMTHCCINPIIYAFVGEKFRNYLLVFFQKHIAKRFCKCCSIFQQEAPERASSVYTRSTGEQEISVGL,28,57,N53,64,92,D76,98,131,R126,142,166,W153,190,223,P206,228,260,P250,274,300,P294,2,2,-1,2,2,-1,-1,5,0.5,2.2,1,-13,0.125,1.625
5X93,EDNRB,MQPPPSLCGRALVALVLACGLSRIWGEERGFPPDRATPLLQTAEIMTPPTKTLWPKGSNASLARSLAPAEVPKGDRTAGSPPRTISPPPCQGPIEIKETFKYINTVVSCLVFVLGIIGNSTLLRIIYKNKCMRNGPNILIASLALGDLLHIVIDIPINVYKLLAEDWPFGAEMCKLVPFIQKASVGITVLSLCALSIDRYRAVASWSRIKGIGVPKWTAVEIVLIWVVSVVLAVPEAIGFDIITMDYKGSYLRICLLHPVQKTAFMQFYKTAKDWWLFSFYFCLPLAITAFFYTLMTCEMLRKKSGMQIALNDHLKQRREVAKTVFCLVLVFALCWLPLHLSRILKLTLYNQNDPNRCELLSFLLVLDYIGINMASLNSCINPIALYLVSKRFKNCFKSCLCCWCQSFEEKQSLEEKQSCLKFKANDHGYDNFRSSNKYSSS,99,128,N119,135,163,D147,171,204,R199,215,239,W226,269,302,P285,316,348,P338,363,389,P383,-1,2,2,2,2,-1,-1,5,0.5,2.2,1,-6,0.4166666666666667,1.9166666666666667
6HLP,NK1R,MDNVLPVDSDLSPNISTNTSEPNQFVQPAWQIVLWAAAYTVIVVTSVVGNVVVMWIILAHKRMRTVTNYFLVNLAFAEASMAAFNTVVNFTYAVHNEWYYGLFYCKFHNFFPIAAVFASIYSMTAVAFDRYMAIIHPLQPRLSATATKVVICVIWVLALLLAFPQGYYSTTETMPSRVVCMIEWPEHPNKIYEKVYHICVTVLIYFLPLLVIGYAYTVVGITLWASEIPGDSSDRYHEQVSAKRKVVKMMIVVVCTFAICWLPFHIFFLLPYINPDLYLKKFIQQVYLAIMWLAMSSTMYNPIIYCCLNDRFRLGFKHAFRCCPFISAGDYEGLEMKSTRYLQTQGSVYKVSRLETTISTVVGAHEEEPEDGPKATPSSLDLTSNCSSRSDSKTMTESFSFSSNVLS,30,59,N50,66,94,E78,102,135,R130,144,168,W155,192,225,P208,241,273,P263,282,308,P302,2,2,2,2,2,-1,2,11,1.0,2.2,1,6,0.9166666666666666,2.9166666666666665
1U19,OPSD,MNGTEGPNFYVPFSNKTGVVRSPFEAPQYYLAEPWQFSMLAAYMFLLIMLGFPINFLTLYVTVQHKKLRTPLNYILLNLAVADLFMVFGGFTTTLYTSLHGYFVFGPTGCNLEGFFATLGGEIALWSLVVLAIERYVVVCKPMSNFRFGENHAIMGVAFTWVMALACAAPPLVGWSRYIPEGMQCSCGIDYYTPHEETNNESFVIYMFVVHFIIPLIVIFFCYGQLVFTVKEAAAQQQESATTQKAEKEVTRMVIIMVIAFLICWLPYAGVAFYIFTHQGSDFGPIFMTIPAFFAKTSAVYNPVIYIMMNKQFRNCMVTTLCCGKNPLGDDEASTTVSKTETSQVAPA,34,64,N55,71,100,D83,106,140,R135,150,172,W161,200,230,P215,241,276,P267,286,309,P303,2,2,2,2,2,-1,-1,8,0.75,2.2,1,8,1.0,2.75
5ZKC,ACM2,MNNSTNSSNNSLALTSPYKTFEVVFIVLVAGSLSLVTIIGNILVMVSIKVNRHLQTVNNYFLFSLACADLIIGVFSMNLYTLYTVIGYWPLGPVVCDLWLALDYVVSNASVMNLLIISFDRYFCVTKPLTYPVKRTTKMAGMMIAAAWVLSFILWAPAILFWQFIVGVRTVEDGECYIQFFSNAAVTFGTAIAAFYLPVIIMTVLYWHISRASKSRIKKDKKEPVANQDPVSPSLVQGRIVKPNNNNMPSSDDGLEHNKIQNGKAPRDPVTENCVQGEEKESSNDSTSVSAVASNMRDDEITQDENTVSTSLGHSKDENSKQTCIRIGTKTPKSDSCTPTNTTVEVVGSSGQNGDEKQNIVARKIVKMTKQPAKKKPPPSREKKVTRTILAILLAFIITWAPYNVMVLINTFCAPCIPNTVWTIGYWLCYINSTINPACYALCNATFKKTFKHLLMCHYKNIGATR,21,50,N41,57,85,D69,93,126,R121,137,161,W148,182,215,P198,380,412,P402,417,443,P437,2,2,2,-1,-1,-1,2,5,0.5,2.3,1,-9,0.2916666666666667,1.7916666666666667
2RH1,ADRB2,MGQPGNGSAFLLAPNGSHAPDHDVTQERDEVWVVGMGIVMSLIVLAIVFGNVLVITAIAKFERLQTVTNYFITSLACADLVMGLAVVPFGAAHILMKMWTFGNFWCEFWTSIDVLCVTASIETLCVIAVDRYFAITSPFKYQSLLTKNKARVIILMVWIVSGLTSFLPIQMHWYRATHQEAINCYANETCCDFFTNQAYAIASSIVSFYVPLVIMVFVYSRVFQEAKRQLQKIDKSEGRFHVQNLSQVEQDGRTGHGLRRSSKFCLKEHKALKTLGIIMGTFTLCWLPFFIVNIVHVIQDNLIRKEVYILLNWIGYVNSGFNPLIYCRSPDFRIAFQELLCLRRSSLKAYGNGYSSNGNTGEQSGYHVEQEKENKLLCEDLPGTEDFVGHQGTVPSDNIDSQGRNCSTNDSLL,31,60,N51,67,95,D79,103,136,R131,147,171,W158,195,228,P211,266,298,P288,305,327,P323,2,2,2,2,-1,-1,2,8,0.75,2.4,1,-11,0.20833333333333334,1.9583333333333335
6OL9,ACM5_HUMAN,MEGDSYHNATTVNGTPVNHQPLERHRLWEVITIAAVTAVVSLITIVGNVLVMISFKVNSQLKTVNNYYLLSLACADLIIGIFSMNLYTTYILMGRWALGSLACDLWLALDYVASNASVMNLLVISFDRYFSITRPLTYRAKRTPKRAGIMIGLAWLISFILWAPAILCWQYLVGKRTVPLDECQIQFLSEPTITFGTAIAAFYIPVSVMTILYCRIYRETEKRTKDLADLQGSDSVTKAEKRKPAHRALFRSCLRCPRPTLAQRERNQASWSSSRRSTSTTGKPSQATGPSANWAKAEQLTTCSSYPSSEDEDKPATDPVLQVVYKSQGKESPGEEFSAEETEETFVKAETEKSDYDTPNYLLSPAAAHRPKSQKCVAYKFRLVVKADGNQETNNGCHKVKIMPCPFPVAKEPSTKGLNPNPSHQMTKRKRVVLVKERKAAQTLSAILLAFIITWTPYNIMVLVSTFCDKCVPVTLWHLGYWLCYVNSTVNPICYALCNRTFRKTFKMLLLCRWKKKKVEEKLYWQGNSKLP,28,57,N48,64,92,D76,100,133,R128,144,168,W155,189,222,P205,435,467,P457,472,498,P492,2,2,2,-1,-1,-1,2,5,0.5,2.5,1,-7,0.375,1.875
3ODU,CXCR4,MEGISIYTSDNYTEEMGSGDYDSMKEPCFREENANFNKIFLPTIYSIIFLTGIVGNGLVILVMGYQKKLRSMTDKYRLHLSVADLLFVITLPFWAVDAVANWYFGNFLCKAVHVIYTVNLYSSVLILAFISLDRYLAIVHATNSQRPRKLLAEKVVYVGVWIPALLLTIPDFIFANVSEADDRYICDRFYPNDLWVVVFQFQHIMVGLILPGIVILSCYCIIISKLSHSKGHQKRKALKTTVILILAFFACWLPYYIGISIDSFILLEIIKQGCEFENTVHKWISITEALAFFHCCLNPILYAFLGAKFKTSAQHALTSVSRGSSLKILSKGKRGGHSSVSTESESSSFHSS,36,65,N56,72,100,D84,106,139,R134,150,174,W161,195,228,P211,232,264,P254,279,305,P299,2,-1,2,-1,2,-1,-1,2,0.25,2.5,1,-9,0.2916666666666667,1.5416666666666667
5EE7,GLR,MPPCQPQRPLLLLLLLLACQPQVPSAQVMDFLFEKWKLYGDQCHHNLSLLPPPTELVCNRTFDKYSCWPDTPANTTANISCPWYLPWHHKVQHRFVFKRCGPDGQWVRGPRGQPWRDASQCQMDGEEIEVQKEVAKMYSSFQVMYTVGYSLSLGALLLALAILGGLSKLHCTRNAIHANLFASFVLKASSVLVIDGLLRTRYSQKIGDDLSVSTWLSDGAVAGCRVAAVFMQYGIVANYCWLLVEGLYLHNLLGLATLPERSFFSLYLGIGWGAPMLFVVPWAVVKCLFENVQCWTSNDNMGFWWILRFPVFLAILINFFIFVRIVQLLVAKLRARQMHHTDYKFRLAKSTLTLIPLLGVHEVVFAFVTDEHAQGTLRSAKLFFDLFLSSFQGLLVAVLYCFLNKEVQSELRRRWHRWRLGKVLWEERNTSNHRASSSPGHGPPSKELQFGRGGGSQDSSAETPLAGGLPRLAESPF,132,164,L156,172,198,F184,219,255,L249,261,289,W272,302,333,A314,341,366,V364,377,404,A397,2,2,2,2,2,2,-1,11,1.0,2.5,1,-4,0.5,2.5
2Z73,OPSD,MGRDLRDNETWWYNPSIVVHPHWREFDQVPDAVYYSLGIFIGICGIIGCGGNGIVIYLFTKTKSLQTPANMFIINLAFSDFTFSLVNGFPLMTISCFLKKWIFGFAACKVYGFIGGIFGFMSIMTMAMISIDRYNVIGRPMAASKKMSHRRAFIMIIFVWLWSVLWAIGPIFGWGAYTLEGVLCNCSFDYISRDSTTRSNILCMFILGFFGPILIIFFCYFNIVMSVSNHEKEMAAMAKRLNAKELRKAQAGANAEMRLAKISIVIVSQFLLSWSPYAVVALLAQFGPLEWVTPYAAQLPVMFAKASAIHNPMIYSVSHPKFREAISQTFPWVLTCCQFDDKETEDDKDAETEIPAGESSDAAPSADAAQMKEMMAMMQKMQQQQAAYPPQGYAPPPQGYPPQGYPPQGYPPQGYPPQGYPPPPQGAPPQGAPPAAPPQGVDNQAYQA,31,61,N52,67,99,D80,104,139,R133,149,172,W160,194,239,P212,244,287,P276,293,330,P312,2,2,2,-1,-1,-1,2,5,0.5,2.5,1,-3,0.5416666666666666,2.0416666666666665
6FJ3,PTH1R,MGTARIAPGLALLLCCPVLSSAYALVDADDVMTKEEQIFLLHRAQAQCEKRLKEVLQRPASIMESDKGWTSASTSGKPRKDKASGKLYPESEEDKEAPTGSRYRGRPCLPEWDHILCWPLGAPGEVVAVPCPDYIYDFNHKGHAYRRCDRNGSWELVPGHNRTWANYSECVKFLTNETREREVFDRLGMIYTVGYSVSLASLTVAVLILAYFRRLHCTRNYIHMHLFLSFMLRAVSIFVKDAVLYSGATLDEAERLTEEELRAIAQAPPPPATAAAGYAGCRVAVTFFLYFLATNYYWILVEGLYLHSLIFMAFFSEKKYLWGFTVFGWGLPAVFVAVWVSVRATLANTGCWDLSSGNKKWIIQVPILASIVLNFILFINIVRVLATKLRETNAGRCDTRQQYRKLLKSTLVLMPLFGVHYIVFMATPYTEVSGTLWQVQMHYEMLFNSFQGFFVAIIYCFCNGEVQAEIKKSWSRWTLALDFKRKARSGSSSYSYGPMVSHTSVTNVGPRVGLGLPLSPRLLPTATTNGHPQLPGHAKPGTPALETLETTPPAMAAPKDDGFLNGSCSGLDEEASGPERPPALLQEEWETVM,178,210,L202,218,244,F230,276,312,L306,318,346,W329,358,389,S370,400,425,V423,436,463,A456,-1,2,-1,2,2,-1,-1,2,0.25,2.5,1,-2,0.5833333333333334,1.8333333333333335
6IIU,TA2R_HUMAN,MWPNGSSLGPCFRPTNITLEERRLIASPWFAASFCVVGLASNLLALSVLAGARQGGSHTRSSFLTFLCGLVLTDFLGLLVTGTIVVSQHAALFEWHAVDPGCRLCRFMGVVMIFFGLSPLLLGAAMASERYLGITRPFSRPAVASQRRAWATVGLVWAAALALGLLPLLGVGRYTVQYPGSWCFLTLGAESGDVAFGLLFSMLGGLSVGLSFLLNTVSVATLCHVYHGQEAAQQRPRDSEVEMMAQLLGIMVVASVCWLPLLVFIAQTVLRNPPAMSPAGQLSRTTEKELLIYLRVATWNQILDPWVYILFRRAVLRRLQPRLSTRPRSLSLQPQLTQRSGLQ,22,51,N42,62,90,D74,102,135,R130,146,170,W157,189,222,G205,238,270,P260,285,311,P305,2,2,2,-1,2,-1,2,8,0.75,2.5,1,8,1.0,2.75
5DSG,ACM4,MANFTPVNGSSGNQSVRLVTSSSHNRYETVEMVFIATVTGSLSLVTVVGNILVMLSIKVNRQLQTVNNYFLFSLACADLIIGAFSMNLYTVYIIKGYWPLGAVVCDLWLALDYVVSNASVMNLLIISFDRYFCVTKPLTYPARRTTKMAGLMIAAAWVLSFVLWAPAILFWQFVVGKRTVPDNQCFIQFLSNPAVTFGTAIAAFYLPVVIMTVLYIHISLASRSRVHKHRPEGPKEKKAKTLAFLKSPLMKQSVKKPPPGEAAREELRNGKLEEAPPPALPPPPRPVADKDTSNESSSGSATQNTKERPATELSTTEATTPAMPAPPLQPRALNPASRWSKIQIVTKQTGNECVTAIEIVPATPAGMRPAANVARKFASIARNQVRKKRQMAARERKVTRTIFAILLAFILTWTPYNVMVLVNTFCQSCIPDTVWSIGYWLCYVNSTINPACYALCNATFKKTFRHLLLCQYRNIGTAR,30,59,N50,66,94,D78,102,135,R130,146,170,W157,191,224,P207,393,425,P415,430,456,P450,2,2,2,-1,2,-1,2,8,0.75,2.6,0,-9,0.2916666666666667,1.0416666666666667
5VBL,APJ,MEEGGDFDNYYGADNQSECEYTDWKSSGALIPAIYMLVFLLGTTGNGLVLWTVFRSSREKRRSADIFIASLAVADLTFVVTLPLWATYTYRDYDWPFGTFFCKLSSYLIFVNMYASVFCLTGLSFDRYLAIVRPVANARLRLRVSGAVATAVLWVLAALLAMPVMVLRTTGDLENTTKVQCYMDYSMVATVSSEWAWEVGLGVSSTTVGFVVPFTIMLTCYFFIAQTIAGHFRKERIEGLRKRRRLLSIIVVLVVTFALCWMPYHLVKTLYMLGSLLHWPCDFDLFLMNIFPYCTCISYVNSCLNPFLYAFFDPRFRQACTSMLCCGQSRCAGTSHSSSGEKSASYSSGHSQGPGPNMGKGGEQMHEKSIPYSQETLVVD,26,55,N46,63,91,D75,99,132,R127,143,167,W154,197,230,P213,241,273,P263,286,312,P306,2,2,2,2,2,-1,-1,8,0.75,2.6,0,-2,0.5833333333333334,1.3333333333333335
5U09,CNR1,MKSILDGLADTTFRTITTDLLYVGSNDIQYEDIKGDMASKLGYFPQKFPLTSFRGSPFQEKMTAGDNPQLVPADQVNITEFYNKSLSSFKENEENIQCGENFMDIECFMVLNPSQQLAIAVLSLTLGTFTVLENLLVLCVILHSRSLRCRPSYHFIGSLAVADLLGSVIFVYSFIDFHVFHRKDSRNVFLFKLGGVTASFTASVGSLFLTAIDRYISIHRPLAYKRIVTRPKAVVAFCLMWTIAIVIAVLPLLGWNCEKLQSVCSDIFPHIDETYLMFWIGVTSVLLLFIVYAYMYILWKAHSHAVRMIQRGTQKSIIIHTSEDGKVQVTRPDQARMDIRLAKTLVLILVVLIICWGPLLAIMVYDVFGKMNKLIKTVFAFCSMLCLLNSTVNPIIYALRSKDLRHAFRSMFPSCEGTAQPLDNSMGDSDCLHKHANNAASVHRAAESCIKSTVKIAKVTMSVSTDTSAEAL,113,142,E133,150,178,A162,185,218,D213,229,253,M240,269,302,V285,335,367,G357,373,399,N393,2,2,2,-1,2,-1,2,8,0.75,2.6,0,-12,0.16666666666666666,0.9166666666666666
6BQH,5HT2C_HUMAN,MVNLRNAVHSFLVHLIGLLVWQCDISVSPVAAIVTDIFNTSDGGRFKFPDGVQNWPALSIVIIIIMTIGGNILVIMAVSMEKKLHNATNYFLMSLAIADMLVGLLVMPLSLLAILYDYVWPLPRYLCPVWISLDVLFSTASIMHLCAISLDRYVAIRNPIEHSRFNSRTKAIMKIAIVWAISIGVSVPIPVIGLRDEEKVFVNNTTCVLNDPNFVLIGSFVAFFIPLTIMVITYCLTIYVLRRQALMLLHGHTEEPPGLSLDFLKCCKRNTAEEENSANPNQDQNARRRKKKERRPRGTMQAINNERKASKVLGIVFFVFLIMWCPFFITNILSVLCEKSCNQKLMEKLLNVFVWIGYVCSGINPLVYTLFNKIYRRAFSNYLRCNYKVEKKPPVRQIPRVAATALSGRELNVNIYRHTNEPVIEKASDNEPGIEMQVENLELPVNPSSVVSERISSV,51,80,N71,87,115,D99,124,157,R152,168,192,W179,210,243,P226,304,336,P326,345,371,P365,2,2,2,-1,2,-1,2,8,0.75,2.7,0,-8,0.3333333333333333,1.0833333333333333
5CXV,ACM1_HUMAN,MNTSAPPAVSPNITVLAPGKGPWQVAFIGITTGLLSLATVTGNLLVLISFKVNTELKTVNNYFLLSLACADLIIGTFSMNLYTTYLLMGHWALGTLACDLWLALDYVASNASVMNLLLISFDRYFSVTRPLSYRAKRTPRRAALMIGLAWLVSFVLWAPAILFWQYLVGERTVLAGQCYIQFLSQPIITFGTAMAAFYLPVTVMCTLYWRIYRETENRARELAALQGSETPGKGGGSSSSSERSQPGAEGSPETPPGRCCRCCRAPRLLQAYSWKEEEEEDEGSMESLTSSEGEEPGSEVVIKMPMVDPEAQAPTKQPPRSSPNTVKRPTKKGRDRAGKGQKPRGKEQLAKRKTFSLVKEKKAARTLSAILLAFILTWTPYNIMVLVSTFCKDCVPETLWELGYWLCYVNSTINPMCYALCNKAFRDTFRLLLLCRWDKRRWRKIPKRPGSVHRTPSRQC,23,52,N43,59,87,D71,95,128,R123,139,163,W150,184,215,P198,380,412,P402,417,443,P437,2,2,2,-1,-1,2,-1,5,0.5,2.7,0,-11,0.20833333333333334,0.7083333333333334
6GPX,CCR2,MLSTSRSRFIRNTNESGEEVTTFFDYDYGAPCHKFDVKQIGAQLLPPLYSLVFIFGFVGNMLVVLILINCKKLKCLTDIYLLNLAISDLLFLITLPLWAHSAANEWVFGNAMCKLFTGLYHIGYFGGIFFIILLTIDRYLAIVHAVFALKARTVTFGVVTSVITWLVAVFASVPGIIFTKCQKEDSVYVCGPYFPRGWNNFHTIMRNILGLVLPLLIMVICYSGILKTLLRCRNEKKRHRAVRVIFTIMIVYFLFWTPYNIVILLNTFQEFFGLSNCESTSQLDQATQVTETLGMTHCCINPIIYAFVGEKFRSLFHIALGCRIAPLQKPVCGGPGVRPGKNVKVTTQGLLDGRGKGKSIGRAPEASLQDKEGA,40,69,N60,76,104,D88,110,143,R138,154,178,W165,198,231,P214,236,268,P258,282,308,P302,2,2,-1,2,2,-1,-1,5,0.5,2.7,0,-16,0.0,0.5
5VEW,GLP1R,MAGAPGPLRLALLLLGMVGRAGPRPQGATVSLWETVQKWREYRRQCQRSLTEDPPPATDLFCNRTFDEYACWPDGEPGSFVNVSCPWYLPWASSVPQGHVYRFCTAEGLWLQKDNSSLPWRDLSECEESKRGERSSPEEQLLFLYIIYTVGYALSFSALVIASAILLGFRHLHCTRNYIHLNLFASFILRALSVFIKDAALKWMYSTAAQQHQWDGLLSYQDSLSCRLVFLLMQYCVAANYYWLLVEGVYLYTLLAFSVLSEQWIFRLYVSIGWGVPLLFVVPWGIVKYLYEDEGCWTRNSNMNYWLIIRLPILFAIGVNFLIFVRVICIVVSKLKANLMCKTDIKCRLAKSTLTLIPLLGTHEVIFAFVMDEHARGTLRFIKLFTELSFTSFQGLMVAILYCFVNNEVQLEFRKSWERWRLEHLHIQRDSSMKPLKCPTSSLSSGATAGSSMYTATCQASCS,135,167,L159,175,201,F187,221,257,L251,263,291,W274,304,335,A316,343,368,I366,379,406,A399,2,2,-1,-1,2,2,-1,5,0.5,2.7,0,3,0.7916666666666666,1.2916666666666665
5ZBQ,NPY1R,MNSTLFSQVENHSVHSNFSEKNAQLLAFENDDCHLPLAMIFTLALAYGAVIILGVSGNLALIIIILKQKEMRNVTNILIVNLSFSDLLVAIMCLPFTFVYTLMDHWVFGEAMCKLNPFVQCVSITVSIFSLVLIAVERHQLIINPRGWRPNNRHAYVGIAVIWVLAVASSLPFLIYQVMTDEPFQNVTLDAYKDKYVCFDQFPSDSHRLSYTTLLLVLQYFGPLCFIFICYFKIYIRLKRRNNMMDKMRDNKYRSSETKRINIMLLSIVVAFAVCWLPLTIFNTVFDWNHQIIATCNHNLLFLLCHLTAMISTCVNPIFYGFLNKNFQRDLQFFFNFCDFRSRDDDYETIAMSTMHTDVSKTSLKQASPVAFKKINNNDDNEKI,38,67,N58,74,102,D86,110,143,R138,152,176,W163,207,240,P223,256,288,P278,297,323,P317,-1,2,2,-1,-1,-1,2,2,0.25,2.7,0,-9,0.2916666666666667,0.5416666666666667
6D27,PD2R2_HUMAN,MSANATLKPLCPILEQMSRLQSHSNTSIRYIDHAAVLLHGLASLLGLVENGVILFVVGCRMRQTVVTTWVLHLALSDLLASASLPFFTYFLAVGHSWELGTTFCKLHSSIFFLNMFASGFLLSAISLDRCLQVVRPVWAQNHRTVAAAHKVCLVLWALAVLNTVPYFVFRDTISRLDGRIMCYYNVLLLNPGPDRDATCNSRQVALAVSKFLLAFLVPLAIIASSHAAVSLRLQHRGRRRPGRFVRLVAAVVAAFALCWGPYHVFSLLEARAHANPGLRPLVWRGLPFVTSLAFFNSVANPVLYVLTCPDMLRKLRRSLRTVLESVLVDDSELGGAGSSRRRRTSSTARSASPLALCSRPEEPRGPARLLGWLLGSCAASPQTGPLNRALSSTSS,30,59,N50,65,93,D77,101,134,R129,145,169,W156,202,235,P218,239,271,P261,281,307,P301,2,2,2,2,-1,-1,2,8,0.75,2.7,0,-6,0.4166666666666667,1.1666666666666667
4U15,ACM3,MTLHSNSTTSPLFPNISSSWVHSPSEAGLPLGTVTQLGSYNISQETGNFSSNDTSSDPLGGHTIWQVVFIAFLTGFLALVTIIGNILVIVAFKVNKQLKTVNNYFLLSLACADLIIGVISMNLFTTYIIMNRWALGNLACDLWLSIDYVASNASVMNLLVISFDRYFSITRPLTYRAKRTTKRAGVMIGLAWVISFVLWAPAILFWQYFVGKRTVPPGECFIQFLSEPTITFGTAIAAFYMPVTIMTILYWRIYKETEKRTKELAGLQASGTEAEAENFVHPTGSSRSCSSYELQQQGVKRSSRRKYGRCHFWFTTKSWKPSAEQMDQDHSSSDSWNNNDAAASLENSASSDEEDIGSETRAIYSIVLKLPGHSSILNSTKLPSSDNLQVSNEDLGTVDVERNAHKLQAQKSMGDGDNCQKDFTKLPIQLESAVDTGKTSDTNSSADKTTATLPLSFKEATLAKRFALKTRSQITKRKRMSLIKEKKAAQTLSAILLAFIITWTPYNIMVLVNTFCDSCIPKTYWNLGYWLCYINSTVNPVCYALCNKTFRTTFKTLLLCQCDKRKRRKQQYQQRQSVIFHKRVPEQAL,65,94,N85,101,130,D113,137,170,R165,181,210,W192,228,256,P242,492,515,P505,522,546,P540,-1,2,2,-1,-1,-1,2,2,0.25,2.8,0,-8,0.3333333333333333,0.5833333333333333
5LWE,CCR9_HUMAN,MTPTDFTSPIPNMADDYGSESTSSMEDYVNFNFTDFYCEKNNVRQFASHFLPPLYWLVFIVGALGNSLVILVYWYCTRVKTMTDMFLLNLAIADLLFLVTLPFWAIAAADQWKFQTFMCKVVNSMYKMNFYSCVLLIMCISVDRYIAIAQAMRAHTWREKRLLYSKMVCFTIWVLAAALCIPEILYSQIKEESGIAICTMVYPSDESTKLKSAVLTLKVILGFFLPFVVMACCYTIIIHTLIQAKKSSKHKALKVTITVLTVFVLSQFPYNCILLVQTIDAYAMFISNCAVSTNIDICFQVTQTIAFFHSCLNPVLYVFVGERFRRDLVKTLKNLGCISQAQWVSFTRREGSLKLSSMLLETTSGALSL,46,75,N66,82,110,D94,116,149,R144,162,186,W173,210,243,P226,247,279,P269,294,320,P314,2,2,2,-1,2,-1,2,8,0.75,2.8,0,-7,0.375,1.125
5T1A,CNR2,MEECWVTEIANGSKDGLDSNPMKDYMILSGPQKTAVAVLCTLLGLLSALENVAVLYLILSSHQLRRKPSYLFIGSLAGADFLASVVFACSFVNFHVFHGVDSKAVFLLKIGSVTMTFTASVGSLLLTAIDRYLCLRYPPSYKALLTRGRALVTLGIMWVLSALVSYLPLMGWTCCPRPCSELFPLIPNDYLLSWLLFIAFLFSGIIYTYGHVLWKAHQHVASLSGHQDRQVPGMARMRLDVRLAKTLGLVLAVLLICWFPVLALMAHSLATTLSDQVKKAFAFCSMLCLINSMVNPVIYALRSGEIRSSAHHCLAHWKKCVRGLGSEAKEEAPRSSVTETEADGKITPWPDSRDLDLSDC,31,60,N51,68,96,D80,103,136,R131,147,171,W158,185,218,L201,238,270,P260,276,302,P296,2,2,2,2,2,-1,2,11,1.0,2.8,0,-7,0.375,1.375
4OR2,GRM1_HUMAN,MVGLLLFFFPAIFLEVSLLPRSPGRKVLLAGASSQRSVARMDGDVIIGALFSVHHQPPAEKVPERKCGEIREQYGIQRVEAMFHTLDKINADPVLLPNITLGSEIRDSCWHSSVALEQSIEFIRDSLISIRDEKDGINRCLPDGQSLPPGRTKKPIAGVIGPGSSSVAIQVQNLLQLFDIPQIAYSATSIDLSDKTLYKYFLRVVPSDTLQARAMLDIVKRYNWTYVSAVHTEGNYGESGMDAFKELAAQEGLCIAHSDKIYSNAGEKSFDRLLRKLRERLPKARVVVCFCEGMTVRGLLSAMRRLGVVGEFSLIGSDGWADRDEVIEGYEVEANGGITIKLQSPEVRSFDDYFLKLRLDTNTRNPWFPEFWQHRFQCRLPGHLLENPNFKRICTGNESLEENYVQDSKMGFVINAIYAMAHGLQNMHHALCPGHVGLCDAMKPIDGSKLLDFLIKSSFIGVSGEEVWFDEKGDAPGRYDIMNLQYTEANRYDYVHVGTWHEGVLNIDDYKIQMNKSGVVRSVCSEPCLKGQIKVIRKGEVSCCWICTACKENEYVQDEFTCKACDLGWWPNADLTGCEPIPVRYLEWSNIESIIAIAFSCLGILVTLFVTLIFVLYRDTPVVKSSSRELCYIILAGIFLGYVCPFTLIAKPTTTSCYLQRLLVGLSSAMCYSALVTKTNRIARILAGSKKKICTRKPRFMSAWAQVIIASILISVQLTLVVTLIIMEPPMPILSYPSIKEVYLICNTSNLGVVAPLGYNGLLIMSCTYYAFKTRNVPANFNEAKYIAFTMYTTCIIWLAFVPIYFGSNYKIITTCFAVSLSVTVALGCMFTPKMYIIIAKPERNVRSAFTTSDVVRMHVGDGKLPCRSNTFLNIFRRKKAGAGNANSNGKSVSWSEPGGGQVPKGQHMWHRLSVHVKTNETACNQTAVIKPLTKSYQGSGKSLTFSDTSTKTLYNVEEEEDAQPIRFSPPGSPSMVVHRRVPSAATTPPLPSHLTAEETPLFLAEPALPKGLPPPLQQQQQPPPQQKSLMDQLQGVVSNFSTAIPDFHAVLAGPGGPGNGLRSLYPPPPPPQHLQMLPLQLSTFGEELVSPPADDDDDSERFKLLQEYVYEHEREGNTEEDELEEEEEDLQAASKLTPDDSPALTPPSPFRDSVASGSSVPSSPVSESVLCTPPNVSYASVILRDYKQSSSTL,591,616,T607,628,649,I638,654,688,I682,703,727,I714,750,774,L763,783,807,A800,811,840,L827,2,2,2,2,-1,2,-1,8,0.75,2.8,0,5,0.875,1.625
6ME2,MTR1A,MQGNGSALPNASQPVLRGDGARPSWLASALACVLIFTIVVDILGNLLVILSVYRNKKLRNAGNIFVVSLAVADLVVAIYPYPLVLMSIFNNGWNLGYLHCQVSGFLMGLSVIGSIFNITGIAINRYCYICHSLKYDKLYSSKNSLCYVLLIWLLTLAAVLPNLRAGTLQYDPRIYSCTFAQSVSSAYTIAVVVFHFLVPMIIVIFCYLRIWILVLQVRQRVKPDRKPKLKPQDFRNFVTMFVVFVLFAICWAPLNFIGLAVASDPASMVPRIPEWLFVASYYMAYFNSCLNAIIYGLLNQNFRKEYRRIIVSLCTARVFFVDSSNDVADRVKWKPSPLMTNNNVVKVDSV,25,54,N45,61,89,D73,97,130,R125,141,165,W152,183,216,P199,231,263,P253,272,298,A292,2,2,2,2,2,-1,2,11,1.0,2.8,0,-3,0.5416666666666666,1.5416666666666665
6ME6,MTR1B,MSENGSFANCCEAGGWAVRPGWSGAGSARPSRTPRPPWVAPALSAVLIVTTAVDVVGNLLVILSVLRNRKLRNAGNLFLVSLALADLVVAFYPYPLILVAIFYDGWALGEEHCKASAFVMGLSVIGSVFNITAIAINRYCYICHSMAYHRIYRRWHTPLHICLIWLLTVVALLPNFFVGSLEYDPRIYSCTFIQTASTQYTAAVVVIHFLLPIAVVSFCYLRIWVLVLQARRKAKPESRLCLKPSDLRSFLTMFVVFVIFAICWAPLNCIGLAVAINPQEMAPQIPEGLFVTSYLLAYFNSCLNAIVYGLLNQNFRREYKRILLALWNPRHCIQDASKGSHAEGLQSPAPPIIGVQHQADAL,38,67,N58,74,102,D86,110,143,R138,154,178,W165,196,229,P212,244,276,P266,285,311,A305,2,-1,2,-1,2,-1,2,5,0.5,2.8,0,-3,0.5416666666666666,1.0416666666666665
4BUO,NTR1,MHLNSSVPQGTPGEPDAQPFSGPQSEMEATFLALSLSNGSGNTSESDTAGPNSDLDVNTDIYSKVLVTAIYLALFVVGTVGNSVTAFTLARKKSLQSLQSTVHYHLGSLALSDLLILLLAMPVELYNFIWVHHPWAFGDAGCRGYYFLRDACTYATALNVASLSVERYLAICHPFKAKTLMSRSRTKKFISAIWLASALLAIPMLFTMGLQNRSGDGTHPGGLVCTPIVDTATVKVVIQVNTFMSFLFPMLVISILNTVIANKLTVMVHQAAEQGRVCTVGTHNGLEHSTFNMTIEPGRVQALRHGVLVLRAVVIAFVVCWLPYHVRRLMFCYISDEQWTTFLFDFYHYFYMLTNALFYVSSAINPILYNLVSANFRQVFLSTLACLCPGWRHRRKKRPTFSRKPNSMSSNHAFSTSATRETLY,61,89,N82,99,129,D113,139,172,R167,186,207,W194,231,265,P249,302,332,P323,341,373,P366,-1,2,-1,-1,2,2,-1,2,0.25,2.8,0,-5,0.4583333333333333,0.7083333333333333
4DKL,OPRM1,MDSSAGPGNISDCSDPLAPASCSPAPGSWLNLSHVDGNQSDPCGPNRTGLGGSHSLCPQTGSPSMVTAITIMALYSIVCVVGLFGNFLVMYVIVRYTKMKTATNIYIFNLALADALATSTLPFQSVNYLMGTWPFGNILCKIVISIDYYNMFTSIFTLCTMSVDRYIAVCHPVKALDFRTPRNAKIVNVCNWILSSAIGLPVMFMATTKYRQGSIDCTLTFSHPTWYWENLLKICVFIFAFIMPVLIITVCYGLMILRLKSVRMLSGSKEKDRNLRRITRMVLVVVAVFIVCWTPIHIYVIIKALITIPETTFQTVSWHFCIALGYTNSCLNPVLYAFLDENFKRFREFCIPTSSTIEQQNSARIRQNTREHPSTANTVDRTNHQLENLEAETAPLP,66,95,N86,102,130,D114,138,170,R165,181,205,W192,225,258,P244,273,305,P295,312,339,P333,2,2,2,-1,2,-1,2,8,0.75,2.8,0,-10,0.25,1.0
3V2Y,S1PR1,MGPTSVPLVKAHRSSVSDYVNYDIIVRHYNYTGKLNISADKENSIKLTSVVFILICCFIILENIFVLLTIWKTKKFHRPMYYFIGNLALSDLLAGVAYTANLLLSGATTYKLTPAQWFLREGSMFVALSASVFSLLAIAIERYITMLKMKLHNGSNNFRLFLLISACWVISLILGGLPIMGWNCISALSSCSTVLPLYHKHYILFCTTVFTLLLLSIVILYCRIYSLVRTRSRRLTFRKNISKASRSSEKSLALLKTVIIVLSVFIACWAPLFILLLLDVGCKVKTCDILFRAEYFLVLAVLNSGTNPIIYTLTNKEMRRAFIRIMSCCKCPSGDSAGKFKRPIIAGMEFSRSKSDNSSHPQKDEGDNPETIMSSGNVNSSS,43,72,N63,79,104,D91,114,147,R142,157,181,W168,197,230,L213,249,281,P271,288,314,P308,2,2,2,2,-1,-1,2,8,0.75,2.8,0,5,0.875,1.625
6A94,5HT2A_HUMAN,MDILCEENTSLSSTTNSLMQLNDDTRLYSNDFNSGEANTSDAFNWTVDSENRTNLSCEGCLSPSCLSLLHLQEKNWSALLTAVVIILTIAGNILVIMAVSLEKKLQNATNYFLMSLAIADMLLGFLVMPVSMLTILYGYRWPLPSKLCAVWIYLDVLFSTASIMHLCAISLDRYVAIQNPIHHSRFNSRTKAFLKIIAVWTISVGISMPIPVFGLQDDSKVFKEGSCLLADDNFVLIGSFVSFFIPLTIMVITYFLTIKSLQKEATLCVSDLGTRAKLASFSFLPQSSLSSEKLFQRSIHREPGSYTGRRTMQSISNEQKACKVLGIVFFLFVVMWCPFFITNIMAVICKESCNEDVIGALLNVFVWIGYLSSAVNPLVYTLFNKTYRSAFSRYIQCQYKENKKPLQLILVNTIPALAYKSSQLQMGQKKNSKQDAKTTDNDCSMVALGKQHSEEASKDNSDGVNEKVSCV,72,101,N92,108,136,D120,145,178,R173,189,213,W200,230,263,P246,316,348,P338,357,383,P377,2,2,2,2,2,-1,-1,8,0.75,2.9,0,-2,0.5833333333333334,1.3333333333333335
4YAY,AGTR1,MILNSSTEDGIKRIQDDCPKAGRHNYIFVMIPTLYSIIFVVGIFGNSLVVIVIYFYMKLKTVASVFLLNLALADLCFLLTLPLWAVYTAMEYRWPFGNYLCKIASASVSFNLYASVFLLTCLSIDRYLAIVHPMKSRLRRTMLVAKVTCIIIWLLAGLASLPAIIHRNVFFIENTNITVCAFHYESQNSTLPIGLGLTKNILGFLFPFLIILTSYTLIWKALKKAYEIQKNKPRNDDIFKIIMAIVLFFFFSWIPHQIFTFLDVLIQLGIIRDCRIADIVDTAMPITICIAYFNNCLNPLFYGFLGKKFKRYFLQLLKYIPPKAKSHSNLSTKMSTLSYRPSDNVSSSTKKPAPCFEVE,26,55,N46,62,90,D74,98,131,R126,142,166,W153,191,224,P207,233,265,P255,279,305,P299,2,2,2,2,2,-1,2,11,1.0,2.9,0,-13,0.125,1.125
6CM4,DRD2,MDPLNLSWYDDDLERQNWSRPFNGSDGKADRPHYNYYATLLTLLIAVIVFGNVLVCMAVSREKALQTTTNYLIVSLAVADLLVATLVMPWVVYLEVVGEWKFSRIHCDIFVTLDVMMCTASILNLCAISIDRYTAVAMPMLYNTRYSSKRRVTVMISIVWVLSFTISCPLLFGLNNADQNECIIANPAFVVYSSIVSFYVPFIVTLLVYIKIYIVLRRRRKRVNTKRSSRAFRAHLRAPLKGNCTHPEDMKLCTVIMKSNGSFPVNRRRVEAARRAQELEMEMLSSTSPPERTRYSPIPPSHHQLTLPDPSHHGLHSTPDSPAKPEKNGHAKDHPKIAKIFEIQTMPNGKTRTSLKTMSRRKLSQQKEKKATQMLAIVLGVFIICWLPFFITHILNIHCDCNIPPVLYSAFTWLGYVNSAVNPIIYTTFNIEFRKAFLKILHC,32,61,N52,68,96,D80,104,137,R132,149,173,W160,185,218,P201,366,398,P388,403,429,P423,2,2,2,-1,-1,-1,2,5,0.5,2.9,0,-4,0.5,1.0
3PBL,DRD3_HUMAN,MASLSQLSSHLNYTCGAENSTGASQARPHAYYALSYCALILAIVFGNGLVCMAVLKERALQTTTNYLVVSLAVADLLVATLVMPWVVYLEVTGGVWNFSRICCDVFVTLDVMMCTASILNLCAISIDRYTAVVMPVHYQHGTGQSSCRRVALMITAVWVLAFAVSCPLLFGFNTTGDPTVCSISNPDFVIYSSVVSFYLPFGVTVLVYARIYVVLKQRRRKRILTRQNSQCNSVRPGFPQQTLSPDPAHLELKRYYSICQDTALGGPGFQERGGELKREEKTRNSLSPTIAPKLSLEVRKLSNGRLSTSLKLGPLQPRGVPLREKKATQMVAIVLGAFIVCWLPFFLTHVLNTHCQTCHVSPELYSATTWLGYVNSALNPVIYTTFNIEFRKAFLKILSC,27,56,N47,63,91,D75,100,133,R128,147,171,W158,184,217,P200,322,354,P344,360,386,P380,2,2,2,2,-1,-1,2,8,0.75,2.9,0,1,0.7083333333333334,1.4583333333333335
4Z35,LPAR1,MAAISTSIPVISQPQFTAMNEPQCFYNESIAFFYNRSGKHLATEWNTVSKLVMGLGITVCIFIMLANLLVMVAIYVNRRFHFPIYYLMANLAAADFFAGLAYFYLMFNTGPNTRRLTVSTWLLRQGLIDTSLTASVANLLAIAIERHITVFRMQLHTRMSNRRVVVVIVVIWTMAIVMGAIPSVGWNCICDIENCSNMAPLYSDSYLVFWAIFNLVTFVVMVVLYAHIFGYVRQRTMRMSRHSSGPRRNRDTMMSLLKTVVIVLGAFIICWTPGLVLLLLDVCCPQCDVLAYEKFFLLLAEFNSAMNPIIYSYRDKEMSATFRQILCCQRSENPTGPTEGSDRSASSLNHTILAGVHSNDHSVV,47,76,N67,83,111,D95,118,151,R146,161,185,W172,201,234,T217,251,283,P273,288,314,P308,2,2,2,-1,2,-1,2,8,0.75,2.9,0,-9,0.2916666666666667,1.0416666666666667
4DJH,OPRK_HUMAN,MDSPIQIFRGEPGPTCAPSACLPPNSSAWFPGWAEPDSNGSAGSEDAQLEPAHISPAIPVIITAVYSVVFVVGLVGNSLVMFVIIRYTKMKTATNIYIFNLALADALVTTTMPFQSTVYLMNSWPFGDVLCKIVISIDYYNMFTSIFTLTMMSVDRYIAVCHPVKALDFRTPLKAKIINICIWLLSSSVGISAIVLGGTKVREDVDVIECSLQFPDDDYSWWDLFMKICVFIFAFVIPVLIIIVCYTLMILRLKSVRLLSGSREKDRNLRRITRLVLVVVAVFVVCWTPIHIFILVEALGSTSHSTAALSSYYFCIALGYTNSSLNPILYAFLDENFKRCFRDFCFPLKMRMERQSTSRVRNTVQDPAYLRDIDGMNKPV,56,85,N77,93,121,D105,127,159,R156,170,196,W183,219,259,P238,267,299,P289,309,333,P327,-1,2,2,2,2,-1,2,8,0.75,2.9,0,-5,0.4583333333333333,1.2083333333333333
5V56,SMO_HUMAN,MAAARPARGPELPLLGLLLLLLLGDPGRGAASSGNATGPGPRSAGGSARRSAAVTGPPPPLSHCGRAAPCEPLRYNVCLGSVLPYGATSTLLAGDSDSQEEAHGKLVLWSGLRNAPRCWAVIQPLLCAVYMPKCENDRVELPSRTLCQATRGPCAIVERERGWPDFLRCTPDRFPEGCTNEVQNIKFNSSGQCEVPLVRTDNPKSWYEDVEGCGIQCQNPLFTEAEHQDMHSYIAAFGAVTGLCTLFTLATFVADWRNSNRYPAVILFYVNACFFVGSIGWLAQFMDGARREIVCRADGTMRLGEPTSNETLSCVIIFVIVYYALMAGVVWFVVLTYAWHTSFKALGTTYQPLSGKTSYFHLLTWSLPFVLTVAILAVAQVDGDSVSGICFVGYKNYRYRAGFVLAPIGLVLIVGGYFLIRGVMTLFSIKSNHPGLLSEKAASKINETMLRLGIFGFLAFGFVLITFSCHFYDFFNQAEWERSFRDYVLCQANVTIGLPTKQPIPDCEIKNRPSLLVEKINLFAMFGTGIAMSTWVWTKATLLIWRRTWCRLTGQSDDEPKRIKKSKMIAKAFSKRHELLQNPGQELSFSMHTVSHDGPVAGLAFDLNEPSADVSSAWAQHVTKMVARRGAILPQDISVTPVATPVPPEEQANLWLVEAEISPELQKRLGRKKKRRKRKKEVCPLAPPPELHPPAPAPSTIPRLPQLPRQKCLVAAGAWGAGDSCRQGAWTLVSNPFCPEPSPPQDPFLPSAPAPVAWAHGRRQGLGPIHSRTNLMDTELMDADSDF,224,254,T245,263,285,F274,312,344,W339,357,378,W365,397,432,V411,446,475,I465,515,536,S533,2,2,-1,-1,2,2,2,8,0.75,2.9,0,-7,0.375,1.125
4K5Y,CRFR1_HUMAN,MGGHPQLRLVKALLLLGLNPVSASLQDQHCESLSLASNISGLQCNASVDLIGTCWPRSPAGQLVVRPCPAFFYGVRYNTTNNGYRECLANGSWAARVNYSECQEILNEEKKSKVHYHVAVIINYLGHCISLVALLVAFVLFLRLRPGCTHWGDQADGALEVGAPWSGAPFQVRRSIRCLRNIIHWNLISAFILRNATWFVVQLTMSPEVHQSNVGWCRLVTAAYNYFHVTNFFWMFGEGCYLHTAIVLTYSTDRLRKWMFICIGWGVPFPIIVAWAIGKLYYDNEKCWFGKRPGVYTDYIYQGPMILVLLINFIFLFNIVRILMTKLRASTTSETIQYRKAVKATLVLLPLLGITYMLFFVNPGEDEVSRVVFIYFNSFLESFQGFFVSVFYCFLNSEVRSAIRKRWHRWQDKHSIRARVARAMSIPTSPTRVSFHSIKQSTAV,110,142,L134,179,205,F191,212,248,L242,254,282,W265,296,327,V308,335,360,L358,369,396,S389,2,2,2,-1,2,-1,-1,5,0.5,3.0,0,-3,0.5416666666666666,1.0416666666666665
5DHH,OPRX_HUMAN,MEPLFPAPFWEVIYGSHLQGNLSLLSPNHSLLPPHLLLNASHGAFLPLGLKVTIVGLYLAVCVGGLLGNCLVMYVILRHTKMKTATNIYIFNLALADTLVLLTLPFQGTDILLGFWPFGNALCKTVIAIDYYNMFTSTFTLTAMSVDRYVAICHPIRALDVRTSSKAQAVNVAIWALASVVGVPVAIMGSAQVEDEEIECLVEIPTPQDYWGPVFAICIFLFSFIVPVLVISVCYSLMIRRLRGVRLLSGSREKDRNLRRITRLVLVVVAVFVGCWTPVQVFVLAQGLGVQPSSETAVAILRFCTALGYVNSCLNPILYAFLDENFKACFRKFCCASALRRDVQVSDRVRSIAKDVALACKTSETVPRPA,48,77,N69,85,113,D97,119,153,R148,164,188,W175,208,242,P227,252,287,P278,295,322,P316,-1,2,2,-1,-1,-1,2,2,0.25,3.0,0,-6,0.4166666666666667,0.6666666666666667
3RZE,HRH1_HUMAN,MSLPNSSCLLEDKMCEGNKTTMASPQLMPLVVVLSTICLVTVGLNLLVLYAVRSERKLHTVGNLYIVSLSVADLIVGAVVMPMNILYLLMSKWSLGRPLCLFWLSMDYVASTASIFSVFILCIDRYRSVQQPLRYLKYRTKTRASATILGAWFLSFLWVIPILGWNHFMQQTSVRREDKCETDFYDVTWFKVMTAIINFYLPTLLMLWFYAKIYKAVRQHCQHRELINRSLPSFSEIKLRPENPKGDAKKPGKESPWEVLKRKPKDAGGGSVLKSPSQTPKEMKSPVVFSQEDDREVDKLYCFPLDIVHMQAAAEGSSRDYVAVNRSHGQLKTDEQGLNTHGASEISEDQMLGDSQSFSRTDSDTTTETAPGKGKLRSGSNTGLDYIKFTWKRLRSHSRQYVSGLHMNRERKAAKQLGFIMAAFILCWIPYFIFFMVIAFCKNCCNEHLHMFTIWLGYINSTLNPLIYPLCNENFKKTFKRILHIRS,25,54,N45,61,89,D73,97,130,R125,141,165,W152,186,219,P202,408,440,P430,445,471,P465,-1,2,2,-1,2,-1,2,5,0.5,3.1,0,-10,0.25,0.75
5YWY,PE2R4,MSTPGVNSSASLSPDRLNSPVTIPAVMFIFGVVGNLVAIVVLCKSRKEQKETTFYTLVCGLAVTDLLGTLLVSPVTIATYMKGQWPGGQPLCEYSTFILLFFSLSGLSIICAMSVERYLAINHAYFYSHYVDKRLAGLTLFAVYASNVLFCALPNMGLGSSRLQYPDTWCFIDWTTNVTAHAAYSYMYAGFSSFLILATVLCNVLVCGALLRMHRQFMRRTSLGTEQHHAAAAASVASRGHPAASPALPRLSDFRRRRSFRRIAGAEIQMVILLIATSLVVLICSIPLVVRVFVNQLYQPSLEREVSKNPDLQAIRIASVNPILDPWIYILLRKTVLSKAIEKIKCLFCRIGGSRRERSGQHCSDSQRTSSAMSGHSRSFISRELKEISSTSQTLLPDLSLPDLSENGLGGRNLLPGVPGMGLAQEDTTSLRTLRISETSDSSQGQDSESVLLVDEAGGSGRAGPAPKGSSLQVTFPSETLNLSEKCI,15,44,N35,53,81,D65,89,122,R117,133,157,Y144,177,210,S193,265,297,P287,306,332,P326,2,2,2,2,2,-1,-1,8,0.75,3.2,0,4,0.8333333333333334,1.5833333333333335
5N2S,AA1R_HUMAN,MPPSISAFQAAYIGIEVLIALVSVPGNVLVIWAVKVNQALRDATFCFIVSLAVADVAVGALVIPLAILINIGPQTYFHTCLMVACPVLILTQSSILALLAIAVDRYLRVKIPLRYKMVVTPRRAAVAIAGCWILSFVVGLTPMFGWNNLSAVERAWAANGSMGEPVIKCEFEKVISMEYMVYFNFFVWVLPPLLLMVLIYLEVFYLIRKQLNKKVSASSGDPQKYYGKELKIAKSLALILFLFALSWLPLHILNCITLFCPSCHKPSILTYIAIFLTHGNSAMNPIVYAFRIQKFRVTFLKIWNDHFRCQPAPPIDEDLPEERPDD,7,36,N27,43,71,D55,77,110,R105,121,145,W132,176,209,P192,227,259,P249,265,291,P285,2,-1,2,2,2,-1,2,8,0.75,3.3,0,-3,0.5416666666666666,1.2916666666666665
4EJ4,OPRD_MOUSE,MELVPSARAELQSSPLVNLSDAFPSAFPSAGANASGSPGARSASSLALAIAITALYSAVCAVGLLGNVLVMFGIVRYTKLKTATNIYIFNLALADALATSTLPFQSAKYLMETWPFGELLCKAVLSIDYYNMFTSIFTLTMMSVDRYIAVCHPVKALDFRTPAKAKLINICIWVLASGVGVPIMVMAVTQPRDGAVVCMLQFPSPSWYWDTVTKICVFLFAFVVPILIITVCYGLMLLRLRSVRLLSGSKEKDRSLRRITRMVLVVVGAFVVCWAPIHIFVIVWTLVDINRRDPLVVAALHLCIALGYANSSLNPVLYAFLDENFKRCFRQLCRTPCGRQEPGSLRRPRQATTRERVTACTPSDGPGGGAAA,47,76,N67,83,111,D95,118,151,R146,162,186,W173,209,242,P225,254,286,P276,295,321,P315,-1,2,2,-1,2,-1,-1,2,0.25,3.4,0,-13,0.125,0.375
5X33,BLT1_CAVPO,MDRNTTTRAASPSGSNTFIPLLAMILLSVSMVVGLPGNTFVVWSILKRMRKRSVTALMVLNLALADLAVLLTAPFFLHFLTWHTWSFKLAGCRLCHYICGVSMYASVLLITAMSLDRSLAVASPFLSQKVRTKTAARWLLVGIWGASFLLATPVLAFRKVVKLTNETDLCLAVYPSDRHKAFHLLFEAFTGFVVPFLIVVASYADISRRLRVRRFHRRRRTGRLVVIIILAFAAFWLPYHVVDLVEGSRVLAGTLDQSKQQLRNARKVCIALAFLSSSVNPLLYACAGGGLLRSAGVGFVAKLLEATGSEAFSTRRGGTLAQTVKGIPMAPEPGASGSLDGLKQSESD,18,46,N36,51,80,D64,86,121,R115,130,156,W142,173,231,P214,235,267,P257,277,303,P297,2,-1,2,-1,-1,-1,-1,-1,0.0,3.7,0,-7,0.375,0.375
6D32,SMO_XENLA,MSSMVPLICWLGGFGFLLFICTSGGVQINQTFYMDKCKKTTTCEPLKYNVCLGSVLPYSWTSSVLAEDSSTQEEVHNKLLLWSGLRNAPRCWDAIRPLLCAVYMPKCEGGKVELPSQGLCQTTRVPCGIVARERGWPDFLKCTTDRFPEGCPNEVQNIKFNSSGQCEAPLVRTDNPKSWYEDVEGCGIQCQNPLFTKKEHREMHVYIAIFSSVTIFCTFFTLATFLADWKNSNRYPAVILFYVNACFFVGSIGWLAQFMDGARDEIVCRGDGTMRLGEPTSNETLSCVIIFIIVYYSMMSGVIWFVMLTYAWHTSFKALGTTHQPLSGKTSYFHLITWSIPFVLTVAILAVAQVDGDSVSGICFVGYKNYHYRAGFVLAPIGLVLIGGGYFLIRGVMTLFSIKSNHPGLLSEKAASKINETMLRLGIFGFLAFGFVLITFGCHFYDFFNQAEWERSFREYVLCEANVTIAEQTNKPIPECYIKNRPSLLVEKINLFAMFGTGISMSTWVWTKATIIIWKRAWCRILGRSDDEPKRIKKSKMIAKAFSKRKELLNNPEKELSFSLHSVSHEGPVAGLNFDMNEPSADMSSAWAQHVTKMVARRGAILPQDVSVTPVATPVPPEERDQWFIEGDIPQGMVKKMSKKKKRRKKKEIQPLEAKTVKEHFHSRANAAVPRLPKLPLKTGLVTRSKPQEVDETLPGSYREFRRLPNIQEKLYPVEGVNNNLGYTRYPQSNMMSHPFAADKMPLTDESRVAYVPVPKHDGVFQYSSANSYSNPMDLTSYRGRTQPRWTENPPMHSRANLMDAELMDTDSDF,197,227,T218,236,258,F247,285,317,W312,330,351,W338,370,405,V384,419,448,I438,488,509,S506,2,2,-1,-1,2,-1,2,5,0.5,3.8,0,-7,0.375,0.875
6N52,GRM5,MVLLLILSVLLLKEDVRGSAQSSERRVVAHMPGDIIIGALFSVHHQPTVDKVHERKCGAVREQYGIQRVEAMLHTLERINSDPTLLPNITLGCEIRDSCWHSAVALEQSIEFIRDSLISSEEEEGLVRCVDGSSSSFRSKKPIVGVIGPGSSSVAIQVQNLLQLFNIPQIAYSATSMDLSDKTLFKYFMRVVPSDAQQARAMVDIVKRYNWTYVSAVHTEGNYGESGMEAFKDMSAKEGICIAHSYKIYSNAGEQSFDKLLKKLTSHLPKARVVACFCEGMTVRGLLMAMRRLGLAGEFLLLGSDGWADRYDVTDGYQREAVGGITIKLQSPDVKWFDDYYLKLRPETNHRNPWFQEFWQHRFQCRLEGFPQENSKYNKTCNSSLTLKTHHVQDSKMGFVINAIYSMAYGLHNMQMSLCPGYAGLCDAMKPIDGRKLLESLMKTNFTGVSGDTILFDENGDSPGRYEIMNFKEMGKDYFDYINVGSWDNGELKMDDDEVWSKKSNIIRSVCSEPCEKGQIKVIRKGEVSCCWTCTPCKENEYVFDEYTCKACQLGSWPTDDLTGCDLIPVQYLRWGDPEPIAAVVFACLGLLATLFVTVVFIIYRDTPVVKSSSRELCYIILAGICLGYLCTFCLIAKPKQIYCYLQRIGIGLSPAMSYSALVTKTNRIARILAGSKKKICTKKPRFMSACAQLVIAFILICIQLGIIVALFIMEPPDIMHDYPSIREVYLICNTTNLGVVTPLGYNGLLILSCTFYAFKTRNVPANFNEAKYIAFTMYTTCIIWLAFVPIYFGSNYKIITMCFSVSLSATVALGCMFVPKVYIILAKPERNVRSAFTTSTVVRMHVGDGKSSSAASRSSSLVNLWKRRGSSGETLRYKDRRLAQHKSEIECFTPKGSMGNGGRATMSSSNGKSVTWAQNEKSSRGQHLWQRLSIHINKKENPNQTAVIKPFPKSTESRGLGAGAGAGGSAGGVGATGGAGCAGAGPGGPESPDAGPKALYDVAEAEEHFPAPARPRSPSPISTLSHRAGSASRTDDDVPSLHSEPVARSSSSQGSLMEQISSVVTRFTANISELNSMMLSTAAPSPGVGAPLCSSYLIPKEIQLPTTMTTFAEIQPLPAIEVTGGAQPAAGAQAAGDAARESPAAGPEAAAAKPDLEELVALTPPSPFRDSVDSGSTTPNSPVSESALCIPSSPKYDTLIIRDYTQSSSSL,578,603,T594,615,636,I625,641,677,A669,690,714,I701,737,761,L750,770,794,A787,798,827,L814,2,2,2,-1,2,2,-1,8,0.75,4.0,0,0,0.6666666666666666,1.4166666666666665
